,train,test,parameters,importances,search_time,split_method,random_state,test_size,scalar,n_iter,folds
SGD,13965.299194885058,14070.093496709294,"{'tol': 0.0001, 'penalty': 'l2', 'max_iter': 1000, 'loss': 'huber', 'learning_rate': 'constant', 'l1_ratio': 0.5, 'eta0': 0.01, 'alpha': 0.01}","{'Turbo_0': -0.4367474428521336, 'Turbo_1': 0.5837279927957519, 'BodyClass_Cargo Van': 0.037114030887346376, 'BodyClass_Convertible/Cabriolet': 0.018629940854250935, 'BodyClass_Coupe': 0.06797769721373823, 'BodyClass_Crossover Utility Vehicle (CUV)': 0.0014621687135091897, 'BodyClass_Hatchback/Liftback/Notchback': -0.22146582135373516, 'BodyClass_Minivan': -0.1101497240075233, 'BodyClass_Pickup': 1.122437815608082, 'BodyClass_Sedan/Saloon': -0.9167649268391862, 'BodyClass_Sport Utility Vehicle (SUV)/Multi-Purpose Vehicle (MPV)': 0.19866567706535007, 'BodyClass_Van': -0.015187653636362751, 'BodyClass_Wagon': -0.03573865456185008, 'FuelTypePrimary_Compressed Natural Gas (CNG)': -0.001455311129005374, 'FuelTypePrimary_Diesel': 0.34386891714100326, 'FuelTypePrimary_Electric': 0.018020803993126822, 'FuelTypePrimary_Ethanol (E85)': 0.003036870033700341, 'FuelTypePrimary_Flexible Fuel Vehicle (FFV)': -0.060873620543258004, 'FuelTypePrimary_Gasoline': -0.15561710955194819, 'EngineCylinders_0.0': -0.0019640467600566818, 'EngineCylinders_2.0': 0.0014218512809117544, 'EngineCylinders_3.0': -0.0008938795972577338, 'EngineCylinders_4.0': -0.8608713532042307, 'EngineCylinders_5.0': -0.05863615391180458, 'EngineCylinders_6.0': 0.23020745017645022, 'EngineCylinders_8.0': 0.8380144281878522, 'EngineCylinders_10.0': 0.00047026806420257883, 'EngineCylinders_12.0': -0.0007680142924485991, 'VehicleType_MULTIPURPOSE PASSENGER VEHICLE (MPV)': 0.09003012272009427, 'VehicleType_PASSENGER CAR': -1.102801325880986, 'VehicleType_TRUCK': 1.159751753104512, 'DriveType_2WD': -0.34911041296526296, 'DriveType_4WD': 1.2664078730015245, 'DriveType_AWD': 0.23308595245324373, 'DriveType_FWD': -1.2208898980166811, 'DriveType_RWD': 0.21748703547079337, 'GVWR_Class 1: 6,000 lb or less (2,722 kg or less)': -0.9415370737113697, 'GVWR_Class 1A: 3,000 lb or less (1,360 kg or less)': -0.0015592900602287637, 'GVWR_Class 1B: 3,001 - 4,000 lb (1,360 - 1,814 kg)': -0.1280961918782834, 'GVWR_Class 1C: 4,001 - 5,000 lb (1,814 - 2,268 kg)': -0.17952409380007167, 'GVWR_Class 1D: 5,001 - 6,000 lb (2,268 - 2,722 kg)': 0.0792779667545351, 'GVWR_Class 2: 6,001 - 10,000 lb (2,722 - 4,536 kg)': 0.030686934263805806, 'GVWR_Class 2E: 6,001 - 7,000 lb (2,722 - 3,175 kg)': 0.41092268989654746, 'GVWR_Class 2F: 7,001 - 8,000 lb (3,175 - 3,629 kg)': 0.4165027555164297, 'GVWR_Class 2G: 8,001 - 9,000 lb (3,629 - 4,082 kg)': 0.04914559536761498, 'GVWR_Class 2H: 9,001 - 10,000 lb (4,082 - 4,536 kg)': 0.2712950903294747, 'GVWR_Class 3: 10,001 - 14,000 lb (4,536 - 6,350 kg)': 0.13918452840102416, 'GVWR_Class 4: 14,001 - 16,000 lb (6,350 - 7,258 kg)': 0.0006816388641414901, 'Doors_2.0': 0.06289449477663146, 'Doors_3.0': -0.043911434323579364, 'Doors_4.0': 0.17670022082158107, 'Doors_5.0': -0.05126923822296418, 'Doors_6.0': 0.0025665068919501835, 'paint_color_black': 0.3684065895681748, 'paint_color_blue': -0.17338398800895632, 'paint_color_brown': -0.03124154810185632, 'paint_color_custom': -0.06376610469795675, 'paint_color_green': -0.06777487594432041, 'paint_color_grey': -0.19308553413507185, 'paint_color_orange': 0.00716762775429203, 'paint_color_purple': 0.0008670060363690064, 'paint_color_red': -0.04453379834828745, 'paint_color_silver': -0.27789052148539156, 'paint_color_white': 0.6229164271143004, 'paint_color_yellow': -0.0007007298076758156, 'odometer': -5.4998610554268685, 'ModelYear': 5.547416574268767, 'displ': 2.5267285988806916}",34.599252700805664,tt,42,0.2,StandardScaler(),2,3
CatBoost,5153.9201416202,5612.4130889923,"{'silent': True, 'learning_rate': 0.025, 'l2_leaf_reg': 3, 'iterations': 500, 'depth': 11, 'cat_features': ['ABS', 'AdaptiveCruiseControl', 'AdaptiveDrivingBeam', 'AirBagLocCurtain', 'AirBagLocFront', 'AirBagLocKnee', 'AirBagLocSeatCushion', 'AirBagLocSide', 'AutoReverseSystem', 'BedType', 'BlindSpotMon', 'BodyCabType', 'BodyClass', 'BrakeSystemType', 'CAN_AACN', 'CIB', 'DaytimeRunningLight', 'Doors', 'DriveType', 'DynamicBrakeSupport', 'ESC', 'ElectrificationLevel', 'EngineConfiguration', 'EngineCylinders', 'ForwardCollisionWarning', 'FuelInjectionType', 'FuelTypePrimary', 'FuelTypeSecondary', 'GVWR', 'KeylessIgnition', 'LaneDepartureWarning', 'LaneKeepSystem', 'LowerBeamHeadlampLightSource', 'ParkAssist', 'PedestrianAutomaticEmergencyBraking', 'Pretensioner', 'RearCrossTrafficAlert', 'RearVisibilitySystem', 'SeatBeltsAll', 'SeatRows', 'Seats', 'SemiautomaticHeadlampBeamSwitching', 'SteeringLocation', 'TPMS', 'TractionControl', 'TransmissionSpeeds', 'TransmissionStyle', 'Turbo', 'ValveTrainDesign', 'VehicleType', 'WheelBaseType', 'condition', 'paint_color', 'Make', 'state', 'Model', 'Trim', 'Series', 'Trim2', 'Series2', 'region']}","{'Turbo': 3.3497951894669673, 'BodyClass': 2.136557296346342, 'FuelTypePrimary': 2.6870564766429297, 'EngineCylinders': 3.9378787951381997, 'VehicleType': 4.744264416334347, 'DriveType': 9.68506789803918, 'GVWR': 6.5565380749886195, 'Doors': 2.8817851257889204, 'paint_color': 1.3357152744914287, 'odometer': 18.30974418452602, 'ModelYear': 19.847943639935714, 'displ': 24.52765362830132}",163.7677936553955,tt,42,0.2,StandardScaler(),2,3
Linear,7228.9927440053525,7346.581804656822,"{'fit_intercept': True, 'copy_X': False}","{'Turbo_0': -1722782942392439.2, 'Turbo_1': -1722782942388664.0, 'BodyClass_Cargo Van': 31438895282454.25, 'BodyClass_Convertible/Cabriolet': 31438895286592.5, 'BodyClass_Coupe': 31438895285824.688, 'BodyClass_Crossover Utility Vehicle (CUV)': 31438895281083.75, 'BodyClass_Hatchback/Liftback/Notchback': 31438895281768.125, 'BodyClass_Minivan': 31438895282158.234, 'BodyClass_Pickup': 31438895284954.156, 'BodyClass_Sedan/Saloon': 31438895282187.83, 'BodyClass_Sport Utility Vehicle (SUV)/Multi-Purpose Vehicle (MPV)': 31438895283745.91, 'BodyClass_Van': 31438895285445.637, 'BodyClass_Wagon': 31438895282476.594, 'FuelTypePrimary_Compressed Natural Gas (CNG)': -3267802420611027.5, 'FuelTypePrimary_Diesel': -3267802420597563.5, 'FuelTypePrimary_Electric': -3267802420600474.0, 'FuelTypePrimary_Ethanol (E85)': -3267802420603017.0, 'FuelTypePrimary_Flexible Fuel Vehicle (FFV)': -3267802420606671.5, 'FuelTypePrimary_Gasoline': -3267802420603950.0, 'EngineCylinders_0.0': 388823558016884.3, 'EngineCylinders_2.0': 388823558016065.4, 'EngineCylinders_3.0': 388823558015894.75, 'EngineCylinders_4.0': 388823558019312.4, 'EngineCylinders_5.0': 388823558020386.75, 'EngineCylinders_6.0': 388823558021019.56, 'EngineCylinders_8.0': 388823558020472.44, 'EngineCylinders_10.0': 388823558022541.2, 'EngineCylinders_12.0': 388823558034846.56, 'VehicleType_MULTIPURPOSE PASSENGER VEHICLE (MPV)': -2491225210418241.0, 'VehicleType_PASSENGER CAR': -2491225210414793.0, 'VehicleType_TRUCK': -2491225210416667.0, 'DriveType_2WD': -608608857372390.2, 'DriveType_4WD': -608608857369359.4, 'DriveType_AWD': -608608857370814.6, 'DriveType_FWD': -608608857374671.9, 'DriveType_RWD': -608608857370643.5, 'GVWR_Class 1: 6,000 lb or less (2,722 kg or less)': 1012450893455848.0, 'GVWR_Class 1A: 3,000 lb or less (1,360 kg or less)': 1012450893458813.5, 'GVWR_Class 1B: 3,001 - 4,000 lb (1,360 - 1,814 kg)': 1012450893458598.0, 'GVWR_Class 1C: 4,001 - 5,000 lb (1,814 - 2,268 kg)': 1012450893457320.8, 'GVWR_Class 1D: 5,001 - 6,000 lb (2,268 - 2,722 kg)': 1012450893459140.5, 'GVWR_Class 2: 6,001 - 10,000 lb (2,722 - 4,536 kg)': 1012450893461075.1, 'GVWR_Class 2E: 6,001 - 7,000 lb (2,722 - 3,175 kg)': 1012450893459522.4, 'GVWR_Class 2F: 7,001 - 8,000 lb (3,175 - 3,629 kg)': 1012450893461719.9, 'GVWR_Class 2G: 8,001 - 9,000 lb (3,629 - 4,082 kg)': 1012450893458866.4, 'GVWR_Class 2H: 9,001 - 10,000 lb (4,082 - 4,536 kg)': 1012450893462553.1, 'GVWR_Class 3: 10,001 - 14,000 lb (4,536 - 6,350 kg)': 1012450893467757.2, 'GVWR_Class 4: 14,001 - 16,000 lb (6,350 - 7,258 kg)': 1012450893457942.8, 'Doors_2.0': 1.1177916936232704e+16, 'Doors_3.0': 1.1177916936234338e+16, 'Doors_4.0': 1.11779169362328e+16, 'Doors_5.0': 1.1177916936234626e+16, 'Doors_6.0': 1.117791693623749e+16, 'paint_color_black': 1744225205199647.8, 'paint_color_blue': 1744225205199406.2, 'paint_color_brown': 1744225205199236.2, 'paint_color_custom': 1744225205199594.5, 'paint_color_green': 1744225205200519.8, 'paint_color_grey': 1744225205199147.5, 'paint_color_orange': 1744225205199574.8, 'paint_color_purple': 1744225205199959.2, 'paint_color_red': 1744225205198869.0, 'paint_color_silver': 1744225205199197.8, 'paint_color_white': 1744225205199233.8, 'paint_color_yellow': 1744225205200403.8, 'odometer': -5223.25, 'ModelYear': 4422.25, 'displ': 3206.125}",1.0503482818603516,tt,42,0.2,StandardScaler(),2,3
Ridge,7228.589586667937,7345.744636259444,{'alpha': 1e-05},"{'Turbo_0': -1821.976198218806, 'Turbo_1': 1821.976448631591, 'BodyClass_Cargo Van': -895.8743016829036, 'BodyClass_Convertible/Cabriolet': 3183.7862993518143, 'BodyClass_Coupe': 2408.394093521292, 'BodyClass_Crossover Utility Vehicle (CUV)': -2582.5885109853843, 'BodyClass_Hatchback/Liftback/Notchback': -1739.6142171962754, 'BodyClass_Minivan': -1484.5180803253843, 'BodyClass_Pickup': 1519.3445461728406, 'BodyClass_Sedan/Saloon': -1354.7790080470847, 'BodyClass_Sport Utility Vehicle (SUV)/Multi-Purpose Vehicle (MPV)': 109.15007142972324, 'BodyClass_Van': 1920.3130932368513, 'BodyClass_Wagon': -1083.6159905649924, 'FuelTypePrimary_Compressed Natural Gas (CNG)': -6831.884285186974, 'FuelTypePrimary_Diesel': 6305.14600190157, 'FuelTypePrimary_Electric': 3054.0425804246934, 'FuelTypePrimary_Ethanol (E85)': 641.3333419855768, 'FuelTypePrimary_Flexible Fuel Vehicle (FFV)': -2994.2791175070224, 'FuelTypePrimary_Gasoline': -174.3581593321526, 'EngineCylinders_0.0': -4029.885416211531, 'EngineCylinders_2.0': -4720.789688830282, 'EngineCylinders_3.0': -4877.209708465232, 'EngineCylinders_4.0': -1486.2978618335162, 'EngineCylinders_5.0': -422.5610083793723, 'EngineCylinders_6.0': 197.0641320928425, 'EngineCylinders_8.0': -325.55453118216946, 'EngineCylinders_10.0': 1689.476850072723, 'EngineCylinders_12.0': 13975.784500118914, 'VehicleType_MULTIPURPOSE PASSENGER VEHICLE (MPV)': -1550.8168031630273, 'VehicleType_PASSENGER CAR': 1762.3367060640467, 'VehicleType_TRUCK': -211.53303593752918, 'DriveType_2WD': -795.822642413129, 'DriveType_4WD': 2226.079614214126, 'DriveType_AWD': 760.4181616820318, 'DriveType_FWD': -3082.4456303886827, 'DriveType_RWD': 891.7485054480192, 'GVWR_Class 1: 6,000 lb or less (2,722 kg or less)': -4065.645932835275, 'GVWR_Class 1A: 3,000 lb or less (1,360 kg or less)': -1044.9975256353055, 'GVWR_Class 1B: 3,001 - 4,000 lb (1,360 - 1,814 kg)': -1315.2034798566183, 'GVWR_Class 1C: 4,001 - 5,000 lb (1,814 - 2,268 kg)': -2612.866892343433, 'GVWR_Class 1D: 5,001 - 6,000 lb (2,268 - 2,722 kg)': -816.8764472047085, 'GVWR_Class 2: 6,001 - 10,000 lb (2,722 - 4,536 kg)': 1055.2007832000177, 'GVWR_Class 2E: 6,001 - 7,000 lb (2,722 - 3,175 kg)': -436.103933774737, 'GVWR_Class 2F: 7,001 - 8,000 lb (3,175 - 3,629 kg)': 1771.2120851134764, 'GVWR_Class 2G: 8,001 - 9,000 lb (3,629 - 4,082 kg)': -1099.6528083177693, 'GVWR_Class 2H: 9,001 - 10,000 lb (4,082 - 4,536 kg)': 2631.124014073266, 'GVWR_Class 3: 10,001 - 14,000 lb (4,536 - 6,350 kg)': 7864.645458380432, 'GVWR_Class 4: 14,001 - 16,000 lb (6,350 - 7,258 kg)': -1930.8239309864991, 'Doors_2.0': -1673.1376630258642, 'Doors_3.0': -309.1348601677655, 'Doors_4.0': -1406.3635112689858, 'Doors_5.0': 379.14821247895065, 'Doors_6.0': 3009.4900134188797, 'paint_color_black': 130.9444859284403, 'paint_color_blue': -116.40817180843283, 'paint_color_brown': -288.6867145577498, 'paint_color_custom': 53.52594107858705, 'paint_color_green': 924.7809952426214, 'paint_color_grey': -430.59651255665614, 'paint_color_orange': -18.613187650462844, 'paint_color_purple': 385.130134305051, 'paint_color_red': -712.9591424636538, 'paint_color_silver': -374.2095929770237, 'paint_color_white': -344.69486867083685, 'paint_color_yellow': 791.7840851343329, 'odometer': -5224.305392460509, 'ModelYear': 4422.295711226207, 'displ': 3207.1801907703984}",0.46442413330078125,tt,42,0.2,StandardScaler(),2,3
Lasso,7228.58999302487,7345.745827629564,"{'tol': 0.01, 'max_iter': 1000, 'alpha': 0.01}","{'Turbo_0': -3644.1554461513438, 'Turbo_1': 8.016545002332831e-10, 'BodyClass_Cargo Van': -665.0515386885222, 'BodyClass_Convertible/Cabriolet': 3426.014245949212, 'BodyClass_Coupe': 2650.6795158399127, 'BodyClass_Crossover Utility Vehicle (CUV)': -2342.530846638894, 'BodyClass_Hatchback/Liftback/Notchback': -1495.444545553782, 'BodyClass_Minivan': -1244.8743739968288, 'BodyClass_Pickup': 1748.9663458994228, 'BodyClass_Sedan/Saloon': -1111.337002442474, 'BodyClass_Sport Utility Vehicle (SUV)/Multi-Purpose Vehicle (MPV)': 348.2459775162237, 'BodyClass_Van': 2153.9542618539767, 'BodyClass_Wagon': -839.3363987117789, 'FuelTypePrimary_Compressed Natural Gas (CNG)': -6578.43205851872, 'FuelTypePrimary_Diesel': 6478.837644198638, 'FuelTypePrimary_Electric': 3223.53384109133, 'FuelTypePrimary_Ethanol (E85)': 798.5941328282399, 'FuelTypePrimary_Flexible Fuel Vehicle (FFV)': -2819.7845662073246, 'FuelTypePrimary_Gasoline': -0.0025980094524199245, 'EngineCylinders_0.0': -3826.107386508737, 'EngineCylinders_2.0': -4523.9430148365855, 'EngineCylinders_3.0': -4719.369952685831, 'EngineCylinders_4.0': -1334.7426690779087, 'EngineCylinders_5.0': -270.21836076826685, 'EngineCylinders_6.0': 347.8315920010215, 'EngineCylinders_8.0': -175.47707207868982, 'EngineCylinders_10.0': 1830.8284189131598, 'EngineCylinders_12.0': 14108.415082534326, 'VehicleType_MULTIPURPOSE PASSENGER VEHICLE (MPV)': -2242.9742017758936, 'VehicleType_PASSENGER CAR': 1065.7137946873409, 'VehicleType_TRUCK': -894.426884594599, 'DriveType_2WD': -124.51357731188199, 'DriveType_4WD': 2897.4532343535166, 'DriveType_AWD': 1431.7561222883755, 'DriveType_FWD': -2411.171222175113, 'DriveType_RWD': 1562.7474257953838, 'GVWR_Class 1: 6,000 lb or less (2,722 kg or less)': -4095.983816301065, 'GVWR_Class 1A: 3,000 lb or less (1,360 kg or less)': -985.8698851196453, 'GVWR_Class 1B: 3,001 - 4,000 lb (1,360 - 1,814 kg)': -1345.3173975733532, 'GVWR_Class 1C: 4,001 - 5,000 lb (1,814 - 2,268 kg)': -2643.3610154166513, 'GVWR_Class 1D: 5,001 - 6,000 lb (2,268 - 2,722 kg)': -847.3667870830233, 'GVWR_Class 2: 6,001 - 10,000 lb (2,722 - 4,536 kg)': 1023.3125778414001, 'GVWR_Class 2E: 6,001 - 7,000 lb (2,722 - 3,175 kg)': -466.77831238442025, 'GVWR_Class 2F: 7,001 - 8,000 lb (3,175 - 3,629 kg)': 1740.0591359725577, 'GVWR_Class 2G: 8,001 - 9,000 lb (3,629 - 4,082 kg)': -1130.420404479967, 'GVWR_Class 2H: 9,001 - 10,000 lb (4,082 - 4,536 kg)': 2599.375366123187, 'GVWR_Class 3: 10,001 - 14,000 lb (4,536 - 6,350 kg)': 7832.80094909766, 'GVWR_Class 4: 14,001 - 16,000 lb (6,350 - 7,258 kg)': -1782.846224755467, 'Doors_2.0': -1343.5593770366409, 'Doors_3.0': 17.894490206714785, 'Doors_4.0': -1077.7101578584673, 'Doors_5.0': 707.3790101840372, 'Doors_6.0': 3306.1146297355035, 'paint_color_black': 395.3692496386889, 'paint_color_blue': 147.90327045299728, 'paint_color_brown': -23.587877902827124, 'paint_color_custom': 317.43759324424695, 'paint_color_green': 1188.4322369643235, 'paint_color_grey': -166.11883922465864, 'paint_color_orange': 243.20422636034314, 'paint_color_purple': 644.3667189573711, 'paint_color_red': -448.4608341004416, 'paint_color_silver': -109.74851363055727, 'paint_color_white': -80.28962939228592, 'paint_color_yellow': 1053.3816439358275, 'odometer': -5224.293025936754, 'ModelYear': 4422.285551201153, 'displ': 3208.1014918079923}",18.84237265586853,tt,42,0.2,StandardScaler(),2,3
RandomForest,5217.131869831301,5766.575083079215,"{'bootstrap': True, 'max_depth': 24, 'max_features': 0.5, 'min_samples_leaf': 13, 'min_samples_split': 19, 'n_estimators': 476}","{'Turbo_0': 0.006580172872551815, 'Turbo_1': 0.006605338917651914, 'BodyClass_Cargo Van': 0.00040209757269149185, 'BodyClass_Convertible/Cabriolet': 0.0003823505733800628, 'BodyClass_Coupe': 0.0005765389672943985, 'BodyClass_Crossover Utility Vehicle (CUV)': 0.00041832481984031806, 'BodyClass_Hatchback/Liftback/Notchback': 0.00011765485913885137, 'BodyClass_Minivan': 0.00026240451214493626, 'BodyClass_Pickup': 0.037167129072164566, 'BodyClass_Sedan/Saloon': 0.0014041379510713625, 'BodyClass_Sport Utility Vehicle (SUV)/Multi-Purpose Vehicle (MPV)': 0.002245349974677037, 'BodyClass_Van': 5.571946281073307e-05, 'BodyClass_Wagon': 1.835376125816886e-05, 'FuelTypePrimary_Compressed Natural Gas (CNG)': 0.0, 'FuelTypePrimary_Diesel': 0.02472605189618568, 'FuelTypePrimary_Electric': 6.025219221010141e-05, 'FuelTypePrimary_Ethanol (E85)': 2.070346632815175e-07, 'FuelTypePrimary_Flexible Fuel Vehicle (FFV)': 0.0003159727800455159, 'FuelTypePrimary_Gasoline': 0.007041481275284846, 'EngineCylinders_0.0': 0.0, 'EngineCylinders_2.0': 0.0, 'EngineCylinders_3.0': 0.00018587653039285105, 'EngineCylinders_4.0': 0.039264795655049894, 'EngineCylinders_5.0': 4.007585192927354e-05, 'EngineCylinders_6.0': 0.0063382789509396735, 'EngineCylinders_8.0': 0.020105115626623923, 'EngineCylinders_10.0': 1.805263829099591e-05, 'EngineCylinders_12.0': 1.2576666063379459e-06, 'VehicleType_MULTIPURPOSE PASSENGER VEHICLE (MPV)': 0.0015365958478440519, 'VehicleType_PASSENGER CAR': 0.001451299124204612, 'VehicleType_TRUCK': 0.02595011768192576, 'DriveType_2WD': 0.004038444479370343, 'DriveType_4WD': 0.015613692320822057, 'DriveType_AWD': 0.0013466731011912065, 'DriveType_FWD': 0.01964402469990587, 'DriveType_RWD': 0.0016833324609700827, 'GVWR_Class 1: 6,000 lb or less (2,722 kg or less)': 0.002667699913696981, 'GVWR_Class 1A: 3,000 lb or less (1,360 kg or less)': 0.0, 'GVWR_Class 1B: 3,001 - 4,000 lb (1,360 - 1,814 kg)': 0.00013501482375293506, 'GVWR_Class 1C: 4,001 - 5,000 lb (1,814 - 2,268 kg)': 0.0021126943672309024, 'GVWR_Class 1D: 5,001 - 6,000 lb (2,268 - 2,722 kg)': 0.00619749108017953, 'GVWR_Class 2: 6,001 - 10,000 lb (2,722 - 4,536 kg)': 0.00013095999166957829, 'GVWR_Class 2E: 6,001 - 7,000 lb (2,722 - 3,175 kg)': 0.0031750569097739553, 'GVWR_Class 2F: 7,001 - 8,000 lb (3,175 - 3,629 kg)': 0.00532457385115035, 'GVWR_Class 2G: 8,001 - 9,000 lb (3,629 - 4,082 kg)': 0.000415600265288387, 'GVWR_Class 2H: 9,001 - 10,000 lb (4,082 - 4,536 kg)': 0.0009891384141919118, 'GVWR_Class 3: 10,001 - 14,000 lb (4,536 - 6,350 kg)': 0.0023392049886618773, 'GVWR_Class 4: 14,001 - 16,000 lb (6,350 - 7,258 kg)': 0.0, 'Doors_2.0': 0.0016624227799219963, 'Doors_3.0': 4.408333769377549e-05, 'Doors_4.0': 0.0028411302745868904, 'Doors_5.0': 0.0012712653091480532, 'Doors_6.0': 0.0, 'paint_color_black': 0.0015382168106126389, 'paint_color_blue': 0.00011712791840877444, 'paint_color_brown': 2.649527509494331e-07, 'paint_color_custom': 7.23900892212011e-05, 'paint_color_green': 1.7544777173898122e-06, 'paint_color_grey': 0.0001009245901562692, 'paint_color_orange': 0.0, 'paint_color_purple': 0.0, 'paint_color_red': 0.00011393656585070084, 'paint_color_silver': 0.00022156783524958818, 'paint_color_white': 0.001956245768276088, 'paint_color_yellow': 2.0921403605592044e-07, 'odometer': 0.23400532754399955, 'ModelYear': 0.3108628181958468, 'displ': 0.19610570859979476}",110.14755892753601,tt,42,0.2,StandardScaler(),2,3
Bagging,2621.365691429606,5840.519301582709,"{'n_estimators': 250, 'max_samples': 0.9, 'max_features': 0.9, 'estimator': None, 'bootstrap_features': True, 'bootstrap': False}","[DecisionTreeRegressor(random_state=1805282429), DecisionTreeRegressor(random_state=1411849541), DecisionTreeRegressor(random_state=1555707154), DecisionTreeRegressor(random_state=651163569), DecisionTreeRegressor(random_state=596631801), DecisionTreeRegressor(random_state=401547744), DecisionTreeRegressor(random_state=1655883755), DecisionTreeRegressor(random_state=1216441820), DecisionTreeRegressor(random_state=1231181707), DecisionTreeRegressor(random_state=1292322679), DecisionTreeRegressor(random_state=444235016), DecisionTreeRegressor(random_state=1320220814), DecisionTreeRegressor(random_state=313864954), DecisionTreeRegressor(random_state=544569056), DecisionTreeRegressor(random_state=992284424), DecisionTreeRegressor(random_state=1247312736), DecisionTreeRegressor(random_state=2082003917), DecisionTreeRegressor(random_state=1116028529), DecisionTreeRegressor(random_state=334888980), DecisionTreeRegressor(random_state=1030800942), DecisionTreeRegressor(random_state=411050481), DecisionTreeRegressor(random_state=197936719), DecisionTreeRegressor(random_state=1849029699), DecisionTreeRegressor(random_state=904926232), DecisionTreeRegressor(random_state=1992303409), DecisionTreeRegressor(random_state=2057403017), DecisionTreeRegressor(random_state=236188151), DecisionTreeRegressor(random_state=217147815), DecisionTreeRegressor(random_state=1154589873), DecisionTreeRegressor(random_state=1688347576), DecisionTreeRegressor(random_state=1929106995), DecisionTreeRegressor(random_state=35238577), DecisionTreeRegressor(random_state=2089091031), DecisionTreeRegressor(random_state=1902157646), DecisionTreeRegressor(random_state=454170257), DecisionTreeRegressor(random_state=2069129859), DecisionTreeRegressor(random_state=2059865044), DecisionTreeRegressor(random_state=664827999), DecisionTreeRegressor(random_state=652800922), DecisionTreeRegressor(random_state=974773255), DecisionTreeRegressor(random_state=283318516), DecisionTreeRegressor(random_state=1801366986), DecisionTreeRegressor(random_state=329227333), DecisionTreeRegressor(random_state=263225159), DecisionTreeRegressor(random_state=278190422), DecisionTreeRegressor(random_state=1312814044), DecisionTreeRegressor(random_state=164268686), DecisionTreeRegressor(random_state=1977893477), DecisionTreeRegressor(random_state=2113577852), DecisionTreeRegressor(random_state=1368784075), DecisionTreeRegressor(random_state=2119277559), DecisionTreeRegressor(random_state=1976773398), DecisionTreeRegressor(random_state=193137742), DecisionTreeRegressor(random_state=1521939084), DecisionTreeRegressor(random_state=1731021598), DecisionTreeRegressor(random_state=99064207), DecisionTreeRegressor(random_state=541282425), DecisionTreeRegressor(random_state=1480858147), DecisionTreeRegressor(random_state=826425257), DecisionTreeRegressor(random_state=800769955), DecisionTreeRegressor(random_state=738546600), DecisionTreeRegressor(random_state=1701056880), DecisionTreeRegressor(random_state=1833063518), DecisionTreeRegressor(random_state=1612596698), DecisionTreeRegressor(random_state=838332088), DecisionTreeRegressor(random_state=641323955), DecisionTreeRegressor(random_state=2027675375), DecisionTreeRegressor(random_state=868498353), DecisionTreeRegressor(random_state=2088647994), DecisionTreeRegressor(random_state=152511989), DecisionTreeRegressor(random_state=195781492), DecisionTreeRegressor(random_state=426258231), DecisionTreeRegressor(random_state=214851495), DecisionTreeRegressor(random_state=80401840), DecisionTreeRegressor(random_state=1054959493), DecisionTreeRegressor(random_state=550435131), DecisionTreeRegressor(random_state=447125876), DecisionTreeRegressor(random_state=1311422446), DecisionTreeRegressor(random_state=472241082), DecisionTreeRegressor(random_state=195458967), DecisionTreeRegressor(random_state=1915801636), DecisionTreeRegressor(random_state=2062194233), DecisionTreeRegressor(random_state=1697139109), DecisionTreeRegressor(random_state=1010919981), DecisionTreeRegressor(random_state=1771373599), DecisionTreeRegressor(random_state=1052535399), DecisionTreeRegressor(random_state=710037469), DecisionTreeRegressor(random_state=517739967), DecisionTreeRegressor(random_state=589742994), DecisionTreeRegressor(random_state=2146874687), DecisionTreeRegressor(random_state=1782321814), DecisionTreeRegressor(random_state=961474170), DecisionTreeRegressor(random_state=712963787), DecisionTreeRegressor(random_state=581901094), DecisionTreeRegressor(random_state=803087444), DecisionTreeRegressor(random_state=1704267552), DecisionTreeRegressor(random_state=2038818860), DecisionTreeRegressor(random_state=1298025198), DecisionTreeRegressor(random_state=211429213), DecisionTreeRegressor(random_state=333046812), DecisionTreeRegressor(random_state=861516931), DecisionTreeRegressor(random_state=1354109574), DecisionTreeRegressor(random_state=1537946581), DecisionTreeRegressor(random_state=609718287), DecisionTreeRegressor(random_state=1000951082), DecisionTreeRegressor(random_state=1405238035), DecisionTreeRegressor(random_state=1386120645), DecisionTreeRegressor(random_state=938226706), DecisionTreeRegressor(random_state=784890084), DecisionTreeRegressor(random_state=736331128), DecisionTreeRegressor(random_state=1272598513), DecisionTreeRegressor(random_state=1262610522), DecisionTreeRegressor(random_state=1950689435), DecisionTreeRegressor(random_state=1102597689), DecisionTreeRegressor(random_state=1475554406), DecisionTreeRegressor(random_state=1801881261), DecisionTreeRegressor(random_state=2088491920), DecisionTreeRegressor(random_state=487679672), DecisionTreeRegressor(random_state=1455200009), DecisionTreeRegressor(random_state=1662846326), DecisionTreeRegressor(random_state=1988571255), DecisionTreeRegressor(random_state=1419589775), DecisionTreeRegressor(random_state=219922029), DecisionTreeRegressor(random_state=231057971), DecisionTreeRegressor(random_state=1421510104), DecisionTreeRegressor(random_state=592543875), DecisionTreeRegressor(random_state=1641171453), DecisionTreeRegressor(random_state=244022725), DecisionTreeRegressor(random_state=973633886), DecisionTreeRegressor(random_state=474091546), DecisionTreeRegressor(random_state=1876596050), DecisionTreeRegressor(random_state=1990679530), DecisionTreeRegressor(random_state=486769325), DecisionTreeRegressor(random_state=174136072), DecisionTreeRegressor(random_state=943676805), DecisionTreeRegressor(random_state=423620469), DecisionTreeRegressor(random_state=886208544), DecisionTreeRegressor(random_state=196545483), DecisionTreeRegressor(random_state=945583276), DecisionTreeRegressor(random_state=1207426326), DecisionTreeRegressor(random_state=1287228406), DecisionTreeRegressor(random_state=579603623), DecisionTreeRegressor(random_state=1800978114), DecisionTreeRegressor(random_state=886705354), DecisionTreeRegressor(random_state=177005799), DecisionTreeRegressor(random_state=754876267), DecisionTreeRegressor(random_state=1849172489), DecisionTreeRegressor(random_state=1016536728), DecisionTreeRegressor(random_state=569937181), DecisionTreeRegressor(random_state=970828571), DecisionTreeRegressor(random_state=963907906), DecisionTreeRegressor(random_state=1466807606), DecisionTreeRegressor(random_state=1810300101), DecisionTreeRegressor(random_state=1602699756), DecisionTreeRegressor(random_state=1271011240), DecisionTreeRegressor(random_state=2088508063), DecisionTreeRegressor(random_state=855084518), DecisionTreeRegressor(random_state=298916234), DecisionTreeRegressor(random_state=1956436830), DecisionTreeRegressor(random_state=2046618337), DecisionTreeRegressor(random_state=2076494389), DecisionTreeRegressor(random_state=986696887), DecisionTreeRegressor(random_state=1070122610), DecisionTreeRegressor(random_state=2068724583), DecisionTreeRegressor(random_state=1119045765), DecisionTreeRegressor(random_state=441911756), DecisionTreeRegressor(random_state=1298290892), DecisionTreeRegressor(random_state=1428687630), DecisionTreeRegressor(random_state=726046005), DecisionTreeRegressor(random_state=2123967908), DecisionTreeRegressor(random_state=1879971351), DecisionTreeRegressor(random_state=1743137812), DecisionTreeRegressor(random_state=322571849), DecisionTreeRegressor(random_state=691253445), DecisionTreeRegressor(random_state=2029704769), DecisionTreeRegressor(random_state=1315124430), DecisionTreeRegressor(random_state=1194642747), DecisionTreeRegressor(random_state=594576243), DecisionTreeRegressor(random_state=237875997), DecisionTreeRegressor(random_state=1337053273), DecisionTreeRegressor(random_state=1771278068), DecisionTreeRegressor(random_state=100815863), DecisionTreeRegressor(random_state=384019520), DecisionTreeRegressor(random_state=118837280), DecisionTreeRegressor(random_state=986967615), DecisionTreeRegressor(random_state=1259349189), DecisionTreeRegressor(random_state=1020057378), DecisionTreeRegressor(random_state=958499240), DecisionTreeRegressor(random_state=1290655948), DecisionTreeRegressor(random_state=189509215), DecisionTreeRegressor(random_state=1209177062), DecisionTreeRegressor(random_state=438485740), DecisionTreeRegressor(random_state=1833606628), DecisionTreeRegressor(random_state=178627299), DecisionTreeRegressor(random_state=1658031071), DecisionTreeRegressor(random_state=2047783072), DecisionTreeRegressor(random_state=5007172), DecisionTreeRegressor(random_state=1987046018), DecisionTreeRegressor(random_state=48497609), DecisionTreeRegressor(random_state=1792323381), DecisionTreeRegressor(random_state=106741596), DecisionTreeRegressor(random_state=1094217094), DecisionTreeRegressor(random_state=1390811543), DecisionTreeRegressor(random_state=825344966), DecisionTreeRegressor(random_state=1813354607), DecisionTreeRegressor(random_state=488054974), DecisionTreeRegressor(random_state=947580956), DecisionTreeRegressor(random_state=749380396), DecisionTreeRegressor(random_state=724540585), DecisionTreeRegressor(random_state=337701247), DecisionTreeRegressor(random_state=1373403970), DecisionTreeRegressor(random_state=245129050), DecisionTreeRegressor(random_state=23486986), DecisionTreeRegressor(random_state=1431189008), DecisionTreeRegressor(random_state=652049288), DecisionTreeRegressor(random_state=1229411348), DecisionTreeRegressor(random_state=1521703943), DecisionTreeRegressor(random_state=221733168), DecisionTreeRegressor(random_state=570275702), DecisionTreeRegressor(random_state=44389883), DecisionTreeRegressor(random_state=1117465582), DecisionTreeRegressor(random_state=621306252), DecisionTreeRegressor(random_state=2004886335), DecisionTreeRegressor(random_state=1804936519), DecisionTreeRegressor(random_state=619933222), DecisionTreeRegressor(random_state=1780819413), DecisionTreeRegressor(random_state=1264891753), DecisionTreeRegressor(random_state=157761322), DecisionTreeRegressor(random_state=1313032441), DecisionTreeRegressor(random_state=1221694268), DecisionTreeRegressor(random_state=601241246), DecisionTreeRegressor(random_state=325474479), DecisionTreeRegressor(random_state=752910569), DecisionTreeRegressor(random_state=1145658456), DecisionTreeRegressor(random_state=2041483676), DecisionTreeRegressor(random_state=1313862519), DecisionTreeRegressor(random_state=1892675041), DecisionTreeRegressor(random_state=1412102461), DecisionTreeRegressor(random_state=848840620), DecisionTreeRegressor(random_state=2079547855), DecisionTreeRegressor(random_state=1815606462), DecisionTreeRegressor(random_state=581986175), DecisionTreeRegressor(random_state=2005491218), DecisionTreeRegressor(random_state=307130391), DecisionTreeRegressor(random_state=850587153), DecisionTreeRegressor(random_state=1768789194), DecisionTreeRegressor(random_state=2107436404), DecisionTreeRegressor(random_state=1726075587), DecisionTreeRegressor(random_state=442469761), DecisionTreeRegressor(random_state=1624209261)]",203.49107599258423,tt,42,0.2,StandardScaler(),2,3
ExtraTrees,4538.196657884539,5634.148532318454,"{'n_estimators': 200, 'min_samples_split': 4, 'min_samples_leaf': 3, 'max_features': 0.775, 'max_depth': 20, 'bootstrap': True}","{'Turbo_0': 0.00793297254318659, 'Turbo_1': 0.009688035843006496, 'BodyClass_Cargo Van': 0.0007024546081763829, 'BodyClass_Convertible/Cabriolet': 0.0012641520940828018, 'BodyClass_Coupe': 0.0019497881440222505, 'BodyClass_Crossover Utility Vehicle (CUV)': 0.0007187582382066258, 'BodyClass_Hatchback/Liftback/Notchback': 0.00036127935115094095, 'BodyClass_Minivan': 0.00042202460292196757, 'BodyClass_Pickup': 0.11217340318598953, 'BodyClass_Sedan/Saloon': 0.0018910181656334785, 'BodyClass_Sport Utility Vehicle (SUV)/Multi-Purpose Vehicle (MPV)': 0.0023146666740125788, 'BodyClass_Van': 0.00027206730958989584, 'BodyClass_Wagon': 0.00020880702655871574, 'FuelTypePrimary_Compressed Natural Gas (CNG)': 0.0, 'FuelTypePrimary_Diesel': 0.050496192439953465, 'FuelTypePrimary_Electric': 0.00023879102713183904, 'FuelTypePrimary_Ethanol (E85)': 8.116517443721708e-06, 'FuelTypePrimary_Flexible Fuel Vehicle (FFV)': 0.0011451601338658282, 'FuelTypePrimary_Gasoline': 0.005031538714122209, 'EngineCylinders_0.0': 4.885627966078223e-07, 'EngineCylinders_2.0': 9.414931874007233e-06, 'EngineCylinders_3.0': 0.00048348500745460846, 'EngineCylinders_4.0': 0.044930981270271564, 'EngineCylinders_5.0': 0.00016786093032383038, 'EngineCylinders_6.0': 0.007686446594587153, 'EngineCylinders_8.0': 0.01821930425922775, 'EngineCylinders_10.0': 0.0005145063916367116, 'EngineCylinders_12.0': 0.000730916048820279, 'VehicleType_MULTIPURPOSE PASSENGER VEHICLE (MPV)': 0.0011213948228209582, 'VehicleType_PASSENGER CAR': 0.002223632548071912, 'VehicleType_TRUCK': 0.029200390669943198, 'DriveType_2WD': 0.010288444234986718, 'DriveType_4WD': 0.012796420287862011, 'DriveType_AWD': 0.0023829530416871374, 'DriveType_FWD': 0.03902011892167026, 'DriveType_RWD': 0.0025381650072020924, 'GVWR_Class 1: 6,000 lb or less (2,722 kg or less)': 0.00471329338205742, 'GVWR_Class 1A: 3,000 lb or less (1,360 kg or less)': 1.5408140282622376e-08, 'GVWR_Class 1B: 3,001 - 4,000 lb (1,360 - 1,814 kg)': 0.0013224352514952424, 'GVWR_Class 1C: 4,001 - 5,000 lb (1,814 - 2,268 kg)': 0.004776748373549728, 'GVWR_Class 1D: 5,001 - 6,000 lb (2,268 - 2,722 kg)': 0.00679757710834769, 'GVWR_Class 2: 6,001 - 10,000 lb (2,722 - 4,536 kg)': 0.0004814494676055653, 'GVWR_Class 2E: 6,001 - 7,000 lb (2,722 - 3,175 kg)': 0.006513864833537566, 'GVWR_Class 2F: 7,001 - 8,000 lb (3,175 - 3,629 kg)': 0.009826991142521635, 'GVWR_Class 2G: 8,001 - 9,000 lb (3,629 - 4,082 kg)': 0.0026993928839317972, 'GVWR_Class 2H: 9,001 - 10,000 lb (4,082 - 4,536 kg)': 0.002316634300378009, 'GVWR_Class 3: 10,001 - 14,000 lb (4,536 - 6,350 kg)': 0.00380306365056529, 'GVWR_Class 4: 14,001 - 16,000 lb (6,350 - 7,258 kg)': 2.6841640737173764e-06, 'Doors_2.0': 0.004390193429326303, 'Doors_3.0': 0.0002685767416417438, 'Doors_4.0': 0.005342455859055366, 'Doors_5.0': 0.002476888655877093, 'Doors_6.0': 1.0574277127246785e-05, 'paint_color_black': 0.005424286896405831, 'paint_color_blue': 0.0015898000208591236, 'paint_color_brown': 0.00015431273895470188, 'paint_color_custom': 0.00033757720781230625, 'paint_color_green': 0.00020320524456251377, 'paint_color_grey': 0.0016434704784728188, 'paint_color_orange': 5.7555446947144185e-05, 'paint_color_purple': 1.666932848265702e-05, 'paint_color_red': 0.0016689928835446127, 'paint_color_silver': 0.0021223907303526317, 'paint_color_white': 0.005831300515876329, 'paint_color_yellow': 5.1903779284599484e-05, 'odometer': 0.2547714441642626, 'ModelYear': 0.24663113635214298, 'displ': 0.05461896513251527}",59.62678384780884,tt,42,0.2,StandardScaler(),2,3
XGBoost,4463.667312545266,5470.608747706175,"{'subsample': 0.8, 'scale_pos_weight': 2, 'objective': 'reg:squarederror', 'n_estimators': 175, 'min_child_weight': 9, 'max_depth': 13, 'learning_rate': 0.05, 'lambda': 1.5, 'colsample_bytree': 0.8, 'colsample_bynode': 0.4, 'colsample_bylevel': 0.8}","{'Turbo_0': 0.01258885, 'Turbo_1': 0.021394037, 'BodyClass_Cargo Van': 0.0054754703, 'BodyClass_Convertible/Cabriolet': 0.004976228, 'BodyClass_Coupe': 0.006840997, 'BodyClass_Crossover Utility Vehicle (CUV)': 0.004264547, 'BodyClass_Hatchback/Liftback/Notchback': 0.0026330776, 'BodyClass_Minivan': 0.0050041475, 'BodyClass_Pickup': 0.100755095, 'BodyClass_Sedan/Saloon': 0.0063019176, 'BodyClass_Sport Utility Vehicle (SUV)/Multi-Purpose Vehicle (MPV)': 0.00454944, 'BodyClass_Van': 0.0037494032, 'BodyClass_Wagon': 0.0021303915, 'FuelTypePrimary_Compressed Natural Gas (CNG)': 0.0007956222, 'FuelTypePrimary_Diesel': 0.108437315, 'FuelTypePrimary_Electric': 0.0045865546, 'FuelTypePrimary_Ethanol (E85)': 0.001420629, 'FuelTypePrimary_Flexible Fuel Vehicle (FFV)': 0.0031482847, 'FuelTypePrimary_Gasoline': 0.015458349, 'EngineCylinders_0.0': 0.000429077, 'EngineCylinders_2.0': 0.0025604158, 'EngineCylinders_3.0': 0.008864379, 'EngineCylinders_4.0': 0.07439424, 'EngineCylinders_5.0': 0.0029028722, 'EngineCylinders_6.0': 0.013934602, 'EngineCylinders_8.0': 0.051808722, 'EngineCylinders_10.0': 0.01106246, 'EngineCylinders_12.0': 0.016270865, 'VehicleType_MULTIPURPOSE PASSENGER VEHICLE (MPV)': 0.00594915, 'VehicleType_PASSENGER CAR': 0.00780341, 'VehicleType_TRUCK': 0.14066088, 'DriveType_2WD': 0.0090947095, 'DriveType_4WD': 0.024718102, 'DriveType_AWD': 0.0069572385, 'DriveType_FWD': 0.05810397, 'DriveType_RWD': 0.0070224386, 'GVWR_Class 1: 6,000 lb or less (2,722 kg or less)': 0.006384636, 'GVWR_Class 1A: 3,000 lb or less (1,360 kg or less)': 0.0, 'GVWR_Class 1B: 3,001 - 4,000 lb (1,360 - 1,814 kg)': 0.0037598321, 'GVWR_Class 1C: 4,001 - 5,000 lb (1,814 - 2,268 kg)': 0.0075625153, 'GVWR_Class 1D: 5,001 - 6,000 lb (2,268 - 2,722 kg)': 0.010404982, 'GVWR_Class 2: 6,001 - 10,000 lb (2,722 - 4,536 kg)': 0.0046289642, 'GVWR_Class 2E: 6,001 - 7,000 lb (2,722 - 3,175 kg)': 0.008461241, 'GVWR_Class 2F: 7,001 - 8,000 lb (3,175 - 3,629 kg)': 0.012254191, 'GVWR_Class 2G: 8,001 - 9,000 lb (3,629 - 4,082 kg)': 0.00905042, 'GVWR_Class 2H: 9,001 - 10,000 lb (4,082 - 4,536 kg)': 0.010374431, 'GVWR_Class 3: 10,001 - 14,000 lb (4,536 - 6,350 kg)': 0.023428176, 'GVWR_Class 4: 14,001 - 16,000 lb (6,350 - 7,258 kg)': 0.0, 'Doors_2.0': 0.0070750793, 'Doors_3.0': 0.00288948, 'Doors_4.0': 0.005502357, 'Doors_5.0': 0.004444678, 'Doors_6.0': 0.0034847958, 'paint_color_black': 0.002345669, 'paint_color_blue': 0.0013443404, 'paint_color_brown': 0.001099585, 'paint_color_custom': 0.0020844413, 'paint_color_green': 0.002412, 'paint_color_grey': 0.0018684146, 'paint_color_orange': 0.0018106193, 'paint_color_purple': 0.001054941, 'paint_color_red': 0.0016902576, 'paint_color_silver': 0.0010924751, 'paint_color_white': 0.002275886, 'paint_color_yellow': 0.0010736444, 'odometer': 0.0326423, 'ModelYear': 0.042633936, 'displ': 0.02781761}",9.205291271209717,tt,42,0.2,StandardScaler(),2,3
LightGBM, 4724.910674988611,5459.39907239364,"{'verbose': -1, 'subsample': 1.0, 'num_leaves': 100, 'n_estimators': 320, 'min_child_samples': 20, 'max_depth': 8, 'learning_rate': 0.075, 'feature_fraction': 0.75, 'colsample_bytree': 0.6}","{'Turbo': 766, 'BodyClass': 1260, 'FuelTypePrimary': 278, 'EngineCylinders': 522, 'VehicleType': 1372, 'DriveType': 1227, 'GVWR': 1539, 'Doors': 595, 'paint_color': 1257, 'odometer': 7430, 'ModelYear': 4142, 'displ': 5929}",4.262175559997559,tt,42,0.2,StandardScaler(),2,3
DecisionTree,6820.394294905568,6987.67548563218,"{'min_weight_fraction_leaf': 0.0, 'min_samples_split': 14, 'min_samples_leaf': 13, 'min_impurity_decrease': 0.01, 'max_leaf_nodes': 60, 'max_features': 1.0, 'max_depth': 9, 'ccp_alpha': 0.09}","{'Turbo_0': 0.0035283654411745963, 'Turbo_1': 0.0, 'BodyClass_Cargo Van': 0.0, 'BodyClass_Convertible/Cabriolet': 0.0, 'BodyClass_Coupe': 0.0, 'BodyClass_Crossover Utility Vehicle (CUV)': 0.0, 'BodyClass_Hatchback/Liftback/Notchback': 0.0, 'BodyClass_Minivan': 0.0, 'BodyClass_Pickup': 0.0010080741496032361, 'BodyClass_Sedan/Saloon': 0.0, 'BodyClass_Sport Utility Vehicle (SUV)/Multi-Purpose Vehicle (MPV)': 0.0, 'BodyClass_Van': 0.0, 'BodyClass_Wagon': 0.0, 'FuelTypePrimary_Compressed Natural Gas (CNG)': 0.0, 'FuelTypePrimary_Diesel': 0.0016520706231393976, 'FuelTypePrimary_Electric': 0.0, 'FuelTypePrimary_Ethanol (E85)': 0.0, 'FuelTypePrimary_Flexible Fuel Vehicle (FFV)': 0.0, 'FuelTypePrimary_Gasoline': 0.0, 'EngineCylinders_0.0': 0.0, 'EngineCylinders_2.0': 0.0, 'EngineCylinders_3.0': 0.0, 'EngineCylinders_4.0': 0.0, 'EngineCylinders_5.0': 0.0, 'EngineCylinders_6.0': 0.0, 'EngineCylinders_8.0': 0.005609780507290462, 'EngineCylinders_10.0': 0.0, 'EngineCylinders_12.0': 0.0, 'VehicleType_MULTIPURPOSE PASSENGER VEHICLE (MPV)': 0.0, 'VehicleType_PASSENGER CAR': 0.0, 'VehicleType_TRUCK': 0.0, 'DriveType_2WD': 0.0009954085220852708, 'DriveType_4WD': 0.01609746864243449, 'DriveType_AWD': 0.0, 'DriveType_FWD': 0.011606892642864523, 'DriveType_RWD': 0.0, 'GVWR_Class 1: 6,000 lb or less (2,722 kg or less)': 0.0, 'GVWR_Class 1A: 3,000 lb or less (1,360 kg or less)': 0.0, 'GVWR_Class 1B: 3,001 - 4,000 lb (1,360 - 1,814 kg)': 0.0, 'GVWR_Class 1C: 4,001 - 5,000 lb (1,814 - 2,268 kg)': 0.0010166760368045468, 'GVWR_Class 1D: 5,001 - 6,000 lb (2,268 - 2,722 kg)': 0.008291328066745197, 'GVWR_Class 2: 6,001 - 10,000 lb (2,722 - 4,536 kg)': 0.0, 'GVWR_Class 2E: 6,001 - 7,000 lb (2,722 - 3,175 kg)': 0.0, 'GVWR_Class 2F: 7,001 - 8,000 lb (3,175 - 3,629 kg)': 0.009442563983773793, 'GVWR_Class 2G: 8,001 - 9,000 lb (3,629 - 4,082 kg)': 0.0, 'GVWR_Class 2H: 9,001 - 10,000 lb (4,082 - 4,536 kg)': 0.0, 'GVWR_Class 3: 10,001 - 14,000 lb (4,536 - 6,350 kg)': 0.0, 'GVWR_Class 4: 14,001 - 16,000 lb (6,350 - 7,258 kg)': 0.0, 'Doors_2.0': 0.0, 'Doors_3.0': 0.0, 'Doors_4.0': 0.0, 'Doors_5.0': 0.0, 'Doors_6.0': 0.0, 'paint_color_black': 0.0, 'paint_color_blue': 0.0, 'paint_color_brown': 0.0, 'paint_color_custom': 0.0, 'paint_color_green': 0.0, 'paint_color_grey': 0.0, 'paint_color_orange': 0.0, 'paint_color_purple': 0.0, 'paint_color_red': 0.0, 'paint_color_silver': 0.0, 'paint_color_white': 0.0, 'paint_color_yellow': 0.0, 'odometer': 0.11934947908045096, 'ModelYear': 0.4564657910949136, 'displ': 0.36493610120871994}",0.747349739074707,tt,42,0.2,StandardScaler(),2,3
AdaBoost,6299.642523121794,6645.971085664486,"{'n_estimators': 200, 'learning_rate': 0.01, 'estimator': DecisionTreeRegressor(max_depth=7)}","{'Turbo_0': 0.0054349707323873815, 'Turbo_1': 0.005525653848186994, 'BodyClass_Cargo Van': 3.2055075111941146e-05, 'BodyClass_Convertible/Cabriolet': 0.0012970149367346766, 'BodyClass_Coupe': 0.0021647803101460983, 'BodyClass_Crossover Utility Vehicle (CUV)': 0.0, 'BodyClass_Hatchback/Liftback/Notchback': 1.12501656026793e-05, 'BodyClass_Minivan': 5.448356728347399e-06, 'BodyClass_Pickup': 0.00513669812100356, 'BodyClass_Sedan/Saloon': 0.00017467916250551375, 'BodyClass_Sport Utility Vehicle (SUV)/Multi-Purpose Vehicle (MPV)': 0.0006056651850911692, 'BodyClass_Van': 0.0002437424823220421, 'BodyClass_Wagon': 6.899381876548463e-05, 'FuelTypePrimary_Compressed Natural Gas (CNG)': 0.0, 'FuelTypePrimary_Diesel': 0.0036695720026809005, 'FuelTypePrimary_Electric': 4.6618636656624264e-05, 'FuelTypePrimary_Ethanol (E85)': 0.0, 'FuelTypePrimary_Flexible Fuel Vehicle (FFV)': 5.619989867111029e-06, 'FuelTypePrimary_Gasoline': 0.0012215118850787963, 'EngineCylinders_0.0': 0.0, 'EngineCylinders_2.0': 0.0, 'EngineCylinders_3.0': 3.997441848620689e-06, 'EngineCylinders_4.0': 0.008139642867016725, 'EngineCylinders_5.0': 0.004244686325679023, 'EngineCylinders_6.0': 0.004501299373103981, 'EngineCylinders_8.0': 0.0059141612784948845, 'EngineCylinders_10.0': 0.0029295282849652673, 'EngineCylinders_12.0': 0.0023497768969450833, 'VehicleType_MULTIPURPOSE PASSENGER VEHICLE (MPV)': 0.00034142705431734576, 'VehicleType_PASSENGER CAR': 0.00016046796678204753, 'VehicleType_TRUCK': 0.0013685826458258055, 'DriveType_2WD': 0.0035187256364427647, 'DriveType_4WD': 0.009917123867173274, 'DriveType_AWD': 0.0009234998153596601, 'DriveType_FWD': 0.011834982710077553, 'DriveType_RWD': 0.0005904402002449731, 'GVWR_Class 1: 6,000 lb or less (2,722 kg or less)': 0.001678148944397843, 'GVWR_Class 1A: 3,000 lb or less (1,360 kg or less)': 0.0, 'GVWR_Class 1B: 3,001 - 4,000 lb (1,360 - 1,814 kg)': 0.0028209386922114473, 'GVWR_Class 1C: 4,001 - 5,000 lb (1,814 - 2,268 kg)': 0.008188781302634212, 'GVWR_Class 1D: 5,001 - 6,000 lb (2,268 - 2,722 kg)': 0.006234046960886762, 'GVWR_Class 2: 6,001 - 10,000 lb (2,722 - 4,536 kg)': 3.1133076244586614e-05, 'GVWR_Class 2E: 6,001 - 7,000 lb (2,722 - 3,175 kg)': 0.0005439103326260862, 'GVWR_Class 2F: 7,001 - 8,000 lb (3,175 - 3,629 kg)': 0.0012428099535399734, 'GVWR_Class 2G: 8,001 - 9,000 lb (3,629 - 4,082 kg)': 1.047192449494705e-05, 'GVWR_Class 2H: 9,001 - 10,000 lb (4,082 - 4,536 kg)': 0.00035074796785322757, 'GVWR_Class 3: 10,001 - 14,000 lb (4,536 - 6,350 kg)': 0.00027721801960742384, 'GVWR_Class 4: 14,001 - 16,000 lb (6,350 - 7,258 kg)': 0.0, 'Doors_2.0': 0.0016385566763028531, 'Doors_3.0': 0.002619494093404956, 'Doors_4.0': 0.0004968796634608471, 'Doors_5.0': 0.00041502015829958573, 'Doors_6.0': 0.0, 'paint_color_black': 0.0007173719454037988, 'paint_color_blue': 0.000283112691228706, 'paint_color_brown': 4.811715061125538e-06, 'paint_color_custom': 0.004903921925803196, 'paint_color_green': 1.300257160074097e-05, 'paint_color_grey': 0.0010304653492301725, 'paint_color_orange': 0.0003625679525652207, 'paint_color_purple': 7.430838521196873e-06, 'paint_color_red': 0.00018344326409629685, 'paint_color_silver': 2.290680863372483e-05, 'paint_color_white': 0.0013170577776704933, 'paint_color_yellow': 0.0, 'odometer': 0.18441004790522705, 'ModelYear': 0.39296159814631204, 'displ': 0.3048514862695357}",116.39762568473816,tt,42,0.2,StandardScaler(),2,3
MLP,5291.4778395694375,5794.229933268545,"{'solver': 'adam', 'max_iter': 500, 'learning_rate_init': 0.1, 'learning_rate': 'adaptive', 'hidden_layer_sizes': (50, 50), 'batch_size': 64, 'alpha': 0.01, 'activation': 'relu'}",,107.32086682319641,tt,42,0.2,StandardScaler(),2,3
KNN,56.31440254659026,6146.399513780038,"{'weights': 'distance', 'p': 2, 'n_neighbors': 10, 'algorithm': 'kd_tree'}",,240.67118549346924,tt,42,0.2,StandardScaler(),2,3
